date,forecast,lower_80,upper_80,lower_95,upper_95
2025-01-19,70.7878,50.7932,90.7824,40.2086,101.367
2025-01-20,59.2412,37.7993,80.683,26.4487,92.0337
2025-01-21,54.714,31.9166,77.5114,19.8484,89.5797
2025-01-22,54.9802,30.9035,79.057,18.1581,91.8024
2025-01-23,50.37,25.0785,75.6614,11.69,89.0499
2025-01-24,51.6766,25.2262,78.127,11.2242,92.129
2025-01-25,48.4664,20.9056,76.0271,6.3159,90.6168
2025-01-26,61.029,32.401,89.657,17.2463,104.8117
2025-01-27,50.9667,21.3099,80.6236,5.6105,96.323
2025-01-28,55.9057,25.2545,86.5569,9.0287,102.7826
2025-01-29,49.5242,17.9099,81.1385,1.1743,97.8741
2025-01-30,49.9166,17.3677,82.4655,0.1373,99.6958
2025-01-31,51.7172,18.2597,85.1746,0.5485,102.8859
2025-02-01,66.4713,32.1293,100.8132,13.9498,118.9927
2025-02-02,67.9348,32.7306,103.139,14.0946,121.775
2025-02-03,69.6729,33.627,105.7187,14.5455,124.8002
2025-02-04,70.5716,33.7033,107.4399,14.1864,126.9568
2025-02-05,69.8685,32.1957,107.5413,12.2529,127.4841
2025-02-06,68.9735,30.5131,107.434,10.1533,127.7937
2025-02-07,71.3023,32.07,110.5347,11.3017,131.303
2025-02-08,73.4262,33.4369,113.4155,12.2679,134.5845
2025-02-09,74.4928,33.7606,115.225,12.1983,136.7873
2025-02-10,70.0733,28.6115,111.5351,6.663,133.4836
2025-02-11,71.4799,29.3011,113.6586,6.9731,135.9867
2025-02-12,72.3039,29.4202,115.1876,6.7189,137.8889
2025-02-13,72.5816,29.0043,116.1589,5.9359,139.2274
2025-02-14,74.4082,30.1481,118.6682,6.7183,142.098
2025-02-15,73.5389,28.6066,118.4713,4.8208,142.2571
2025-02-16,73.5389,27.9441,119.1337,3.8077,143.2702
2025-02-17,70.0733,23.8255,116.321,-0.6565,140.8031
