date,sales,units_sold,store_id
2024-01-01,1520.50,110,STORE_A
2024-01-02,1680.00,125,STORE_A
2024-01-03,1490.75,105,STORE_A
2024-01-04,1820.25,135,STORE_A
2024-01-05,2100.00,160,STORE_A
2024-01-06,2450.50,190,STORE_A
2024-01-07,2200.00,175,STORE_A
2024-01-08,1590.00,115,STORE_A
2024-01-09,1640.50,120,STORE_A
2024-01-10,1710.25,128,STORE_A
2024-01-11,1805.00,132,STORE_A
2024-01-12,2150.00,165,STORE_A
2024-01-13,2500.50,195,STORE_A
2024-01-14,2310.00,180,STORE_A
2024-01-15,1620.00,118,STORE_A
2024-01-16,1695.50,124,STORE_A
2024-01-17,1750.00,130,STORE_A
2024-01-18,1890.25,142,STORE_A
2024-01-19,2210.00,170,STORE_A
2024-01-20,2600.00,205,STORE_A
2024-01-21,2380.50,185,STORE_A
2024-01-22,1650.00,120,STORE_A
2024-01-23,1720.00,126,STORE_A
2024-01-24,1785.25,134,STORE_A
2024-01-25,1910.00,145,STORE_A
2024-01-26,2250.75,172,STORE_A
2024-01-27,2680.00,210,STORE_A
2024-01-28,2420.00,188,STORE_A
2024-01-29,1680.50,122,STORE_A
2024-01-30,1740.00,128,STORE_A
2024-01-31,1850.00,138,STORE_A
2024-02-01,1920.50,144,STORE_A
2024-02-02,2300.00,178,STORE_A
2024-02-03,2750.25,215,STORE_A
2024-02-04,2490.00,192,STORE_A
2024-02-05,1710.00,125,STORE_A
2024-02-06,1775.50,130,STORE_A
2024-02-07,1840.00,136,STORE_A
2024-02-08,1980.25,148,STORE_A
2024-02-09,2350.00,182,STORE_A
2024-02-10,2810.50,220,STORE_A
2024-02-11,2550.00,198,STORE_A
2024-02-12,1750.00,128,STORE_A
2024-02-13,1815.00,134,STORE_A
2024-02-14,2100.50,160,STORE_A
2024-02-15,2020.00,152,STORE_A
2024-02-16,2420.25,188,STORE_A
2024-02-17,2900.00,228,STORE_A
2024-02-18,2620.50,204,STORE_A
2024-02-19,1790.00,132,STORE_A
2024-02-20,1860.50,138,STORE_A
2024-02-21,1925.00,144,STORE_A
2024-02-22,2060.00,156,STORE_A
2024-02-23,2480.75,192,STORE_A
2024-02-24,2980.00,234,STORE_A
