timestamp,power_demand_mw,temperature_c,substation_status
2024-03-01 00:00:00,345.2,14.5,ACTIVE
2024-03-02 00:00:00,358.0,15.1,ACTIVE
2024-03-03 00:00:00,,16.0,ACTIVE
2024-03-04 00:00:00,372.4,16.8,ACTIVE
2024-03-05 00:00:00,389.1,17.2,ACTIVE
2024-03-08 00:00:00,410.5,18.0,ACTIVE
2024-03-09 00:00:00,425.0,18.5,ACTIVE
2024-03-10 00:00:00,,19.1,ACTIVE
2024-03-11 00:00:00,440.2,19.8,ACTIVE
2024-03-14 00:00:00,465.8,20.4,ACTIVE
2024-03-15 00:00:00,478.0,21.0,ACTIVE
2024-03-16 00:00:00,485.5,21.5,ACTIVE
2024-03-17 00:00:00,,22.1,ACTIVE
2024-03-18 00:00:00,502.4,22.8,ACTIVE
2024-03-21 00:00:00,520.1,23.5,ACTIVE
2024-03-22 00:00:00,535.0,24.0,ACTIVE
2024-03-23 00:00:00,542.8,24.5,ACTIVE
2024-03-24 00:00:00,,25.0,ACTIVE
2024-03-25 00:00:00,560.2,25.4,ACTIVE
2024-03-28 00:00:00,580.0,26.0,ACTIVE
2024-03-29 00:00:00,592.5,26.5,ACTIVE
2024-03-30 00:00:00,605.0,27.1,ACTIVE
2024-03-31 00:00:00,,27.8,ACTIVE
2024-04-01 00:00:00,620.4,28.2,ACTIVE
2024-04-04 00:00:00,642.0,28.8,ACTIVE
2024-04-05 00:00:00,655.2,29.3,ACTIVE
2024-04-06 00:00:00,,29.8,ACTIVE
2024-04-07 00:00:00,670.0,30.2,ACTIVE
2024-04-10 00:00:00,695.5,31.0,ACTIVE
2024-04-11 00:00:00,705.0,31.4,ACTIVE
2024-04-12 00:00:00,718.2,32.0,ACTIVE
2024-04-13 00:00:00,,32.5,ACTIVE
2024-04-14 00:00:00,735.0,33.0,ACTIVE
2024-04-17 00:00:00,758.4,33.8,ACTIVE
2024-04-18 00:00:00,770.0,34.2,ACTIVE
2024-04-19 00:00:00,,34.8,ACTIVE
2024-04-20 00:00:00,790.2,35.2,ACTIVE
