Order Date,Revenue ($),Discount Pct,Region,Customer Rating,Constant Flag
2024-01-01,"$1,250.00",5%,North,4.5,CONSTANT
2024-01-02,"$1,340.50",0%,North,4.8,CONSTANT
2024-01-02,"$1,340.50",0%,North,4.8,CONSTANT
2024-01-03,"$1,190.00",10%,South,4.2,CONSTANT
2024-01-04,"$1,450.75",5%,West,N/A,CONSTANT
2024-01-05,"$1,680.00",12%,East,4.6,CONSTANT
2024-01-06,"$1,920.50",15%,North,4.9,CONSTANT
2024-01-07,"$15,800.00",20%,South,3.8,CONSTANT
2024-01-08,"$1,290.00",5%,East,4.3,CONSTANT
2024-01-09,"$1,310.25",0%,West,null,CONSTANT
2024-01-10,"$1,420.00",8%,North,4.7,CONSTANT
2024-01-11,-,10%,South,4.1,CONSTANT
2024-01-12,"$1,750.50",15%,East,4.5,CONSTANT
2024-01-13,"$2,050.00",20%,West,4.8,CONSTANT
2024-01-14,"$1,880.00",12%,North,4.4,CONSTANT
2024-01-15,"$1,350.00",5%,South,4.2,CONSTANT
2024-01-16,"$1,390.25",0%,East,4.6,CONSTANT
2024-01-17,"$1,460.00",5%,West,?,CONSTANT
2024-01-18,"$1,590.50",10%,North,4.8,CONSTANT
2024-01-19,"$1,810.00",12%,South,4.3,CONSTANT
2024-01-20,"$2,120.75",15%,East,4.9,CONSTANT
2024-01-21,"$1,950.00",10%,West,4.5,CONSTANT
2024-01-22,"$1,380.00",5%,North,4.2,CONSTANT
2024-01-23,"$1,430.50",0%,South,4.7,CONSTANT
2024-01-24,"$1,510.00",5%,East,4.4,CONSTANT
2024-01-25,"$1,640.25",10%,West,4.6,CONSTANT
2024-01-26,"$1,890.00",12%,North,4.8,CONSTANT
2024-01-27,"$2,240.50",18%,South,4.9,CONSTANT
2024-01-28,"$2,010.00",15%,East,4.5,CONSTANT
2024-01-29,"$1,410.00",5%,West,4.3,CONSTANT
2024-01-30,"$1,480.25",0%,North,4.6,CONSTANT
2024-01-31,"$1,580.00",8%,South,4.4,CONSTANT
2024-02-01,"$1,650.50",10%,East,4.7,CONSTANT
2024-02-02,"$1,940.00",12%,West,4.8,CONSTANT
2024-02-03,"$2,310.25",20%,North,5.0,CONSTANT
2024-02-04,"$2,080.00",15%,South,4.6,CONSTANT
2024-02-05,"$1,460.00",5%,East,4.3,CONSTANT
2024-02-06,"$1,520.50",0%,West,4.5,CONSTANT
2024-02-07,"$1,610.00",8%,North,4.7,CONSTANT
2024-02-08,"$1,730.25",10%,South,4.4,CONSTANT
2024-02-09,"$2,020.00",15%,East,4.8,CONSTANT
2024-02-10,"$2,420.50",22%,West,4.9,CONSTANT
2024-02-11,"$2,180.00",18%,North,4.7,CONSTANT
2024-02-12,"$1,510.00",5%,South,4.4,CONSTANT
2024-02-13,"$1,570.25",0%,East,4.6,CONSTANT
2024-02-14,"$1,850.00",10%,West,4.8,CONSTANT
2024-02-15,"$1,760.50",12%,North,4.5,CONSTANT
2024-02-16,"$2,110.00",15%,South,4.9,CONSTANT
2024-02-17,"$2,530.25",20%,East,5.0,CONSTANT
2024-02-18,"$2,290.00",18%,West,4.6,CONSTANT
2024-02-19,"$1,560.00",5%,North,4.3,CONSTANT
2024-02-20,"$1,620.50",0%,South,4.7,CONSTANT
