date,sales,marketing_spend
2019-01-01,5296.64,903.6
2019-02-01,5902.6,956.56
2019-03-01,5954.24,903.93
2019-04-01,6071.86,1004.05
2019-05-01,6165.25,1048.62
2019-06-01,6105.59,1060.13
2019-07-01,5983.33,1142.27
2019-08-01,5149.33,1164.39
2019-09-01,4270.06,1086.52
2019-10-01,4229.77,1071.03
2019-11-01,4752.96,1197.96
2019-12-01,5385.31,1158.39
2020-01-01,6459.39,1252.76
2020-02-01,6775.2,1229.63
2020-03-01,6968.24,1214.2
2020-04-01,6887.12,1194.34
2020-05-01,7163.86,1203.03
2020-06-01,6937.35,1300.52
2020-07-01,6679.91,1307.98
2020-08-01,5841.4,1329.28
2020-09-01,5261.7,1381.18
2020-10-01,5037.17,1308.45
2020-11-01,5448.34,1235.74
2020-12-01,6210.67,1415.53
2021-01-01,7517.88,1366.91
2021-02-01,7887.69,1364.48
2021-03-01,7923.33,1431.28
2021-04-01,7723.17,1494.42
2021-05-01,7856.24,1518.37
2021-06-01,7935.04,1477.22
2021-07-01,7606.16,1405.51
2021-08-01,7088.97,1463.87
2021-09-01,6078.81,1512.5
2021-10-01,5712.81,1483.54
2021-11-01,6191.51,1470.27
2021-12-01,6688.07,1629.03
2022-01-01,8055.38,1486.2
2022-02-01,8415.7,1568.85
2022-03-01,8773.76,1539.55
2022-04-01,8666.79,1524.0
2022-05-01,8770.76,1544.77
2022-06-01,8774.33,1623.31
2022-07-01,8538.61,1687.4
2022-08-01,7795.12,1586.49
2022-09-01,7021.81,1742.41
2022-10-01,6775.47,1628.85
2022-11-01,7159.68,1683.06
2022-12-01,8040.21,1752.09
2023-01-01,9120.58,1710.18
2023-02-01,9509.9,1757.31
2023-03-01,9617.75,1752.82
2023-04-01,9751.2,1728.49
2023-05-01,9891.37,1778.22
2023-06-01,9777.16,1819.9
2023-07-01,9483.39,1858.0
2023-08-01,8584.17,1788.18
2023-09-01,8078.72,1872.01
2023-10-01,7690.04,1889.08
2023-11-01,8198.62,1882.33
2023-12-01,9007.48,1889.35
