report_month,mrr
2022-01-01,303.65
2022-02-01,323.5
2022-03-01,336.57
2022-04-01,349.15
2022-05-01,333.7
2022-06-01,342.86
2022-07-01,340.04
2022-08-01,312.4
2022-09-01,310.98
2022-10-01,328.67
2022-11-01,325.48
2022-12-01,350.52
2023-01-01,370.57
2023-02-01,380.47
2023-03-01,391.09
2023-04-01,407.47
2023-05-01,412.94
2023-06-01,408.91
2023-07-01,400.1
2023-08-01,365.31
2023-09-01,374.11
2023-10-01,373.13
2023-11-01,396.41
2023-12-01,403.98
2024-01-01,430.05
2024-02-01,460.43
2024-03-01,454.74
2024-04-01,477.39
