week_date,units_demanded,avg_unit_price
2023-01-01,792.81,25.01
2023-01-08,785.36,24.96
2023-01-15,864.57,25.41
2023-01-22,845.11,25.4
2023-01-29,888.34,25.25
2023-02-05,906.04,25.29
2023-02-12,926.7,25.1
2023-02-19,924.33,24.32
2023-02-26,964.59,25.65
2023-03-05,952.9,24.1
2023-03-12,995.69,24.35
2023-03-19,1023.91,25.77
2023-03-26,970.47,25.66
2023-04-02,1076.42,25.27
2023-04-09,1017.62,25.99
2023-04-16,985.29,24.89
2023-04-23,990.67,25.27
2023-04-30,983.31,24.89
2023-05-07,965.71,24.29
2023-05-14,986.66,24.77
2023-05-21,962.92,25.3
2023-05-28,964.63,25.3
2023-06-04,967.94,24.82
2023-06-11,949.81,25.22
2023-06-18,922.03,26.34
2023-06-25,915.16,25.32
2023-07-02,872.1,24.84
2023-07-09,931.91,24.97
2023-07-16,898.13,24.03
2023-07-23,895.65,25.3
2023-07-30,880.49,25.28
2023-08-06,807.22,25.47
2023-08-13,870.49,25.21
2023-08-20,805.82,25.35
2023-08-27,866.49,24.83
2023-09-03,773.24,25.34
2023-09-10,834.89,25.08
2023-09-17,822.61,24.31
2023-09-24,812.31,24.62
2023-10-01,825.99,25.55
2023-10-08,781.27,25.09
2023-10-15,841.89,24.99
2023-10-22,823.65,25.71
2023-10-29,817.5,25.1
2023-11-05,902.01,25.17
2023-11-12,905.19,24.77
2023-11-19,848.9,25.17
2023-11-26,874.6,24.07
2023-12-03,905.67,25.44
2023-12-10,871.27,23.95
2023-12-17,953.51,24.89
2023-12-24,1020.74,24.85
